TimeStamp;UserId;NameVideo;AnnoType;Value
0.5;491;giulia_mp4;valence;0
0.511201;491;giulia_mp4;valence;0
0.519158;491;giulia_mp4;valence;0
0.559367;491;giulia_mp4;valence;0
0.60003;491;giulia_mp4;valence;0
0.639335;491;giulia_mp4;valence;0
0.679639;491;giulia_mp4;valence;0
0.720031;491;giulia_mp4;valence;0
0.75906;491;giulia_mp4;valence;0
0.799078;491;giulia_mp4;valence;0
0.838971;491;giulia_mp4;valence;0
0.879258;491;giulia_mp4;valence;0
0.918971;491;giulia_mp4;valence;0
0.958956;491;giulia_mp4;valence;0
0.99964;491;giulia_mp4;valence;0
1.039475;491;giulia_mp4;valence;0
1.079406;491;giulia_mp4;valence;0
1.119692;491;giulia_mp4;valence;0
1.159079;491;giulia_mp4;valence;0.012
1.199204;491;giulia_mp4;valence;0.012
1.239485;491;giulia_mp4;valence;0.012
1.279682;491;giulia_mp4;valence;0.012
1.319255;491;giulia_mp4;valence;0.027
1.35937;491;giulia_mp4;valence;0.05
1.401852;491;giulia_mp4;valence;0.085
1.439707;491;giulia_mp4;valence;0.112
1.479136;491;giulia_mp4;valence;0.134
1.519015;491;giulia_mp4;valence;0.156
1.559998;491;giulia_mp4;valence;0.169
1.59925;491;giulia_mp4;valence;0.185
1.639189;491;giulia_mp4;valence;0.225
1.679584;491;giulia_mp4;valence;0.252
1.719459;491;giulia_mp4;valence;0.271
1.75894;491;giulia_mp4;valence;0.272
1.799074;491;giulia_mp4;valence;0.272
1.839222;491;giulia_mp4;valence;0.256
1.87906;491;giulia_mp4;valence;0.225
1.919271;491;giulia_mp4;valence;0.178
1.959748;491;giulia_mp4;valence;0.163
1.999635;491;giulia_mp4;valence;0.158
2.039743;491;giulia_mp4;valence;0.15
2.079188;491;giulia_mp4;valence;0.15
2.118971;491;giulia_mp4;valence;0.15
2.159768;491;giulia_mp4;valence;0.167
2.199645;491;giulia_mp4;valence;0.189
2.238994;491;giulia_mp4;valence;0.223
2.279086;491;giulia_mp4;valence;0.245
2.319349;491;giulia_mp4;valence;0.291
2.359124;491;giulia_mp4;valence;0.314
2.399507;491;giulia_mp4;valence;0.336
2.439179;491;giulia_mp4;valence;0.371
2.479751;491;giulia_mp4;valence;0.394
2.51937;491;giulia_mp4;valence;0.442
2.559131;491;giulia_mp4;valence;0.463
2.5995;491;giulia_mp4;valence;0.485
2.639334;491;giulia_mp4;valence;0.518
2.679545;491;giulia_mp4;valence;0.534
2.718816;491;giulia_mp4;valence;0.558
2.759613;491;giulia_mp4;valence;0.562
2.798868;491;giulia_mp4;valence;0.562
2.839669;491;giulia_mp4;valence;0.562
2.879063;491;giulia_mp4;valence;0.538
2.919232;491;giulia_mp4;valence;0.474
2.959689;491;giulia_mp4;valence;0.443
2.999222;491;giulia_mp4;valence;0.431
3.038809;491;giulia_mp4;valence;0.409
3.079256;491;giulia_mp4;valence;0.385
3.119058;491;giulia_mp4;valence;0.378
3.15998;491;giulia_mp4;valence;0.378
3.199842;491;giulia_mp4;valence;0.396
3.238874;491;giulia_mp4;valence;0.427
3.279327;491;giulia_mp4;valence;0.429
3.319089;491;giulia_mp4;valence;0.429
3.359239;491;giulia_mp4;valence;0.429
3.399791;491;giulia_mp4;valence;0.429
3.439603;491;giulia_mp4;valence;0.429
3.478878;491;giulia_mp4;valence;0.429
3.518752;491;giulia_mp4;valence;0.442
3.559168;491;giulia_mp4;valence;0.454
3.598827;491;giulia_mp4;valence;0.467
3.639388;491;giulia_mp4;valence;0.471
3.679329;491;giulia_mp4;valence;0.471
3.718756;491;giulia_mp4;valence;0.471
3.759172;491;giulia_mp4;valence;0.476
3.79929;491;giulia_mp4;valence;0.498
3.839024;491;giulia_mp4;valence;0.544
3.879537;491;giulia_mp4;valence;0.571
3.919496;491;giulia_mp4;valence;0.627
3.959066;491;giulia_mp4;valence;0.642
3.999463;491;giulia_mp4;valence;0.655
4.039918;491;giulia_mp4;valence;0.68
4.08022;491;giulia_mp4;valence;0.707
4.118916;491;giulia_mp4;valence;0.76
4.159742;491;giulia_mp4;valence;0.791
4.199683;491;giulia_mp4;valence;0.815
4.239092;491;giulia_mp4;valence;0.847
4.279007;491;giulia_mp4;valence;0.869
4.319344;491;giulia_mp4;valence;0.909
4.358784;491;giulia_mp4;valence;0.928
4.399597;491;giulia_mp4;valence;0.944
4.43897;491;giulia_mp4;valence;0.964
4.479403;491;giulia_mp4;valence;0.982
4.51973;491;giulia_mp4;valence;0.991
4.559066;491;giulia_mp4;valence;0.991
4.599231;491;giulia_mp4;valence;0.995
4.638888;491;giulia_mp4;valence;1
4.679101;491;giulia_mp4;valence;1
4.719497;491;giulia_mp4;valence;1
4.759705;491;giulia_mp4;valence;1
4.799345;491;giulia_mp4;valence;1
4.839042;491;giulia_mp4;valence;1
4.879449;491;giulia_mp4;valence;1
4.91947;491;giulia_mp4;valence;1
4.959454;491;giulia_mp4;valence;1
4.999009;491;giulia_mp4;valence;1
5.039246;491;giulia_mp4;valence;1
5.079424;491;giulia_mp4;valence;1
5.118766;491;giulia_mp4;valence;1
5.159647;491;giulia_mp4;valence;1
5.199759;491;giulia_mp4;valence;1
5.238963;491;giulia_mp4;valence;1
5.278874;491;giulia_mp4;valence;0.991
5.319518;491;giulia_mp4;valence;0.991
5.359684;491;giulia_mp4;valence;0.991
5.399094;491;giulia_mp4;valence;1
5.439003;491;giulia_mp4;valence;1
5.47952;491;giulia_mp4;valence;1
5.518816;491;giulia_mp4;valence;1
5.559253;491;giulia_mp4;valence;1
5.599145;491;giulia_mp4;valence;1
5.639672;491;giulia_mp4;valence;1
5.679815;491;giulia_mp4;valence;1
5.719291;491;giulia_mp4;valence;1
5.759741;491;giulia_mp4;valence;1
5.799329;491;giulia_mp4;valence;1
5.839752;491;giulia_mp4;valence;1
5.878839;491;giulia_mp4;valence;1
5.919059;491;giulia_mp4;valence;1
5.959048;491;giulia_mp4;valence;1
5.999559;491;giulia_mp4;valence;1
6.038825;491;giulia_mp4;valence;1
6.07971;491;giulia_mp4;valence;1
6.118832;491;giulia_mp4;valence;1
6.159283;491;giulia_mp4;valence;1
6.199671;491;giulia_mp4;valence;1
6.238999;491;giulia_mp4;valence;1
6.279131;491;giulia_mp4;valence;1
6.319764;491;giulia_mp4;valence;1
6.35937;491;giulia_mp4;valence;1
6.39901;491;giulia_mp4;valence;1
6.439079;491;giulia_mp4;valence;1
6.479252;491;giulia_mp4;valence;1
6.519277;491;giulia_mp4;valence;1
6.559682;491;giulia_mp4;valence;1
6.59917;491;giulia_mp4;valence;1
6.63899;491;giulia_mp4;valence;1
6.679554;491;giulia_mp4;valence;1
6.719214;491;giulia_mp4;valence;1
6.759194;491;giulia_mp4;valence;1
6.799308;491;giulia_mp4;valence;1
6.838974;491;giulia_mp4;valence;1
6.879758;491;giulia_mp4;valence;1
6.919586;491;giulia_mp4;valence;1
6.95896;491;giulia_mp4;valence;1
6.998838;491;giulia_mp4;valence;1
7.038907;491;giulia_mp4;valence;1
7.079485;491;giulia_mp4;valence;1
7.118869;491;giulia_mp4;valence;1
7.159424;491;giulia_mp4;valence;1
7.198799;491;giulia_mp4;valence;1
7.239275;491;giulia_mp4;valence;1
7.279521;491;giulia_mp4;valence;1
7.319657;491;giulia_mp4;valence;1
7.359342;491;giulia_mp4;valence;1
7.399;491;giulia_mp4;valence;1
7.439738;491;giulia_mp4;valence;1
7.479502;491;giulia_mp4;valence;1
7.51884;491;giulia_mp4;valence;1
7.559712;491;giulia_mp4;valence;1
7.599611;491;giulia_mp4;valence;1
7.639427;491;giulia_mp4;valence;1
7.679065;491;giulia_mp4;valence;1
7.71892;491;giulia_mp4;valence;1
7.758893;491;giulia_mp4;valence;1
7.799657;491;giulia_mp4;valence;1
7.839015;491;giulia_mp4;valence;1
7.879373;491;giulia_mp4;valence;1
7.918884;491;giulia_mp4;valence;1
7.958985;491;giulia_mp4;valence;1
7.999183;491;giulia_mp4;valence;1
8.039582;491;giulia_mp4;valence;1
8.079157;491;giulia_mp4;valence;1
8.118722;491;giulia_mp4;valence;1
8.159634;491;giulia_mp4;valence;1
8.19901;491;giulia_mp4;valence;1
8.23964;491;giulia_mp4;valence;1
8.278825;491;giulia_mp4;valence;1
8.318748;491;giulia_mp4;valence;1
8.358883;491;giulia_mp4;valence;1
8.399707;491;giulia_mp4;valence;0.969
8.439052;491;giulia_mp4;valence;0.886
8.479121;491;giulia_mp4;valence;0.82
8.518924;491;giulia_mp4;valence;0.705
8.559695;491;giulia_mp4;valence;0.638
8.599344;491;giulia_mp4;valence;0.589
8.638952;491;giulia_mp4;valence;0.525
8.679126;491;giulia_mp4;valence;0.482
8.719085;491;giulia_mp4;valence;0.407
8.759;491;giulia_mp4;valence;0.352
8.799251;491;giulia_mp4;valence;0.307
8.839538;491;giulia_mp4;valence;0.201
8.879664;491;giulia_mp4;valence;0.147
8.918975;491;giulia_mp4;valence;0.112
8.958974;491;giulia_mp4;valence;0.103
8.999638;491;giulia_mp4;valence;0.083
9.039557;491;giulia_mp4;valence;0.034
9.079138;491;giulia_mp4;valence;-0.01
9.118902;491;giulia_mp4;valence;-0.068
9.15967;491;giulia_mp4;valence;-0.101
9.19951;491;giulia_mp4;valence;-0.132
9.238978;491;giulia_mp4;valence;-0.192
9.279627;491;giulia_mp4;valence;-0.248
9.319232;491;giulia_mp4;valence;-0.335
9.359289;491;giulia_mp4;valence;-0.366
9.399531;491;giulia_mp4;valence;-0.386
9.438957;491;giulia_mp4;valence;-0.406
9.47958;491;giulia_mp4;valence;-0.423
9.518909;491;giulia_mp4;valence;-0.45
9.558966;491;giulia_mp4;valence;-0.468
9.59876;491;giulia_mp4;valence;-0.486
9.639092;491;giulia_mp4;valence;-0.508
9.679231;491;giulia_mp4;valence;-0.517
9.718763;491;giulia_mp4;valence;-0.53
9.759193;491;giulia_mp4;valence;-0.545
9.799003;491;giulia_mp4;valence;-0.563
9.838982;491;giulia_mp4;valence;-0.59
9.879025;491;giulia_mp4;valence;-0.612
9.919024;491;giulia_mp4;valence;-0.645
9.959305;491;giulia_mp4;valence;-0.663
9.999152;491;giulia_mp4;valence;-0.683
10.038908;491;giulia_mp4;valence;-0.707
10.079526;491;giulia_mp4;valence;-0.716
10.119608;491;giulia_mp4;valence;-0.729
10.158993;491;giulia_mp4;valence;-0.739
10.199132;491;giulia_mp4;valence;-0.759
10.239309;491;giulia_mp4;valence;-0.783
10.279335;491;giulia_mp4;valence;-0.801
10.319267;491;giulia_mp4;valence;-0.838
10.358802;491;giulia_mp4;valence;-0.86
10.399293;491;giulia_mp4;valence;-0.881
10.439509;491;giulia_mp4;valence;-0.907
10.478875;491;giulia_mp4;valence;-0.921
10.518861;491;giulia_mp4;valence;-0.941
10.559778;491;giulia_mp4;valence;-0.947
10.598867;491;giulia_mp4;valence;-0.949
10.639589;491;giulia_mp4;valence;-0.949
10.679167;491;giulia_mp4;valence;-0.949
10.720104;491;giulia_mp4;valence;-0.949
10.759302;491;giulia_mp4;valence;-0.952
10.801972;491;giulia_mp4;valence;-0.971
10.839629;491;giulia_mp4;valence;-0.987
10.879066;491;giulia_mp4;valence;-0.998
10.9188;491;giulia_mp4;valence;-1
10.958971;491;giulia_mp4;valence;-1
11.000335;491;giulia_mp4;valence;-1
11.039127;491;giulia_mp4;valence;-1
11.079489;491;giulia_mp4;valence;-1
11.11883;491;giulia_mp4;valence;-1
11.159259;491;giulia_mp4;valence;-1
11.19941;491;giulia_mp4;valence;-1
11.239199;491;giulia_mp4;valence;-1
11.27925;491;giulia_mp4;valence;-1
11.319144;491;giulia_mp4;valence;-0.943
11.359431;491;giulia_mp4;valence;-0.894
11.399431;491;giulia_mp4;valence;-0.849
11.438766;491;giulia_mp4;valence;-0.8
11.479011;491;giulia_mp4;valence;-0.796
11.519134;491;giulia_mp4;valence;-0.805
11.559694;491;giulia_mp4;valence;-0.829
11.59964;491;giulia_mp4;valence;-0.867
11.639219;491;giulia_mp4;valence;-0.916
11.67885;491;giulia_mp4;valence;-0.943
11.718887;491;giulia_mp4;valence;-0.974
11.759079;491;giulia_mp4;valence;-0.98
11.79912;491;giulia_mp4;valence;-0.98
11.839382;491;giulia_mp4;valence;-0.945
11.879356;491;giulia_mp4;valence;-0.907
11.918829;491;giulia_mp4;valence;-0.878
11.958764;491;giulia_mp4;valence;-0.9
11.999729;491;giulia_mp4;valence;-0.94
12.03909;491;giulia_mp4;valence;-0.981
12.079706;491;giulia_mp4;valence;-0.981
12.118838;491;giulia_mp4;valence;-0.969
12.159197;491;giulia_mp4;valence;-0.927
12.199444;491;giulia_mp4;valence;-0.863
12.239568;491;giulia_mp4;valence;-0.805
12.279531;491;giulia_mp4;valence;-0.807
12.319019;491;giulia_mp4;valence;-0.854
12.359722;491;giulia_mp4;valence;-0.89
12.398873;491;giulia_mp4;valence;-0.918
12.439643;491;giulia_mp4;valence;-0.925
12.47969;491;giulia_mp4;valence;-0.925
12.519198;491;giulia_mp4;valence;-0.878
12.559619;491;giulia_mp4;valence;-0.807
12.60185;491;giulia_mp4;valence;-0.752
12.639477;491;giulia_mp4;valence;-0.778
12.679519;491;giulia_mp4;valence;-0.843
12.71912;491;giulia_mp4;valence;-0.912
12.758794;491;giulia_mp4;valence;-0.914
12.799362;491;giulia_mp4;valence;-0.889
12.838809;491;giulia_mp4;valence;-0.814
12.879291;491;giulia_mp4;valence;-0.765
12.918926;491;giulia_mp4;valence;-0.769
12.95905;491;giulia_mp4;valence;-0.81
12.999509;491;giulia_mp4;valence;-0.852
13.039656;491;giulia_mp4;valence;-0.86
13.07905;491;giulia_mp4;valence;-0.829
13.119257;491;giulia_mp4;valence;-0.785
13.159018;491;giulia_mp4;valence;-0.79
13.199437;491;giulia_mp4;valence;-0.83
13.239528;491;giulia_mp4;valence;-0.867
13.279744;491;giulia_mp4;valence;-0.854
13.318771;491;giulia_mp4;valence;-0.77
13.359378;491;giulia_mp4;valence;-0.707
13.39911;491;giulia_mp4;valence;-0.687
13.439344;491;giulia_mp4;valence;-0.741
13.479444;491;giulia_mp4;valence;-0.812
13.51922;491;giulia_mp4;valence;-0.912
13.559019;491;giulia_mp4;valence;-0.932
13.598937;491;giulia_mp4;valence;-0.934
13.639285;491;giulia_mp4;valence;-0.94
13.679471;491;giulia_mp4;valence;-0.952
13.719549;491;giulia_mp4;valence;-0.958
13.759073;491;giulia_mp4;valence;-0.958
13.798878;491;giulia_mp4;valence;-0.967
13.838994;491;giulia_mp4;valence;-1
13.879322;491;giulia_mp4;valence;-1
13.919283;491;giulia_mp4;valence;-1
13.959578;491;giulia_mp4;valence;-1
14.000026;491;giulia_mp4;valence;-1
14.039454;491;giulia_mp4;valence;-1
14.079553;491;giulia_mp4;valence;-1
14.119689;491;giulia_mp4;valence;-1
14.158905;491;giulia_mp4;valence;-1
14.199051;491;giulia_mp4;valence;-1
14.239366;491;giulia_mp4;valence;-1
14.279774;491;giulia_mp4;valence;-0.974
14.318765;491;giulia_mp4;valence;-0.9
14.359068;491;giulia_mp4;valence;-0.872
14.398989;491;giulia_mp4;valence;-0.84
14.439409;491;giulia_mp4;valence;-0.778
14.47925;491;giulia_mp4;valence;-0.736
14.518949;491;giulia_mp4;valence;-0.679
14.559284;491;giulia_mp4;valence;-0.647
14.599557;491;giulia_mp4;valence;-0.616
14.639213;491;giulia_mp4;valence;-0.57
14.679358;491;giulia_mp4;valence;-0.55
14.718965;491;giulia_mp4;valence;-0.521
14.75947;491;giulia_mp4;valence;-0.501
14.799713;491;giulia_mp4;valence;-0.472
14.839002;491;giulia_mp4;valence;-0.423
14.879403;491;giulia_mp4;valence;-0.397
14.919265;491;giulia_mp4;valence;-0.355
14.959312;491;giulia_mp4;valence;-0.319
14.999508;491;giulia_mp4;valence;-0.286
15.038774;491;giulia_mp4;valence;-0.237
15.079847;491;giulia_mp4;valence;-0.215
15.118878;491;giulia_mp4;valence;-0.184
15.159011;491;giulia_mp4;valence;-0.161
15.199153;491;giulia_mp4;valence;-0.13
15.23927;491;giulia_mp4;valence;-0.077
15.279054;491;giulia_mp4;valence;-0.041
15.318852;491;giulia_mp4;valence;0.009
15.358981;491;giulia_mp4;valence;0.036
15.399931;491;giulia_mp4;valence;0.061
15.439662;491;giulia_mp4;valence;0.096
15.479527;491;giulia_mp4;valence;0.114
15.518737;491;giulia_mp4;valence;0.149
15.559412;491;giulia_mp4;valence;0.18
15.599749;491;giulia_mp4;valence;0.207
15.639078;491;giulia_mp4;valence;0.251
15.679147;491;giulia_mp4;valence;0.272
15.719203;491;giulia_mp4;valence;0.3
15.759052;491;giulia_mp4;valence;0.316
15.799086;491;giulia_mp4;valence;0.325
15.839579;491;giulia_mp4;valence;0.351
15.879141;491;giulia_mp4;valence;0.372
15.91894;491;giulia_mp4;valence;0.396
15.959208;491;giulia_mp4;valence;0.396
15.999668;491;giulia_mp4;valence;0.396
16.039082;491;giulia_mp4;valence;0.356
16.078872;491;giulia_mp4;valence;0.305
16.11893;491;giulia_mp4;valence;0.223
16.159109;491;giulia_mp4;valence;0.205
16.198803;491;giulia_mp4;valence;0.205
16.239699;491;giulia_mp4;valence;0.192
16.279097;491;giulia_mp4;valence;0.178
16.319668;491;giulia_mp4;valence;0.178
16.359174;491;giulia_mp4;valence;0.178
16.399449;491;giulia_mp4;valence;0.176
16.439479;491;giulia_mp4;valence;0.16
16.479565;491;giulia_mp4;valence;0.13
16.518885;491;giulia_mp4;valence;0.069
16.559726;491;giulia_mp4;valence;0.03
16.598803;491;giulia_mp4;valence;0.007
16.639226;491;giulia_mp4;valence;0.005
16.679033;491;giulia_mp4;valence;0.005
16.718743;491;giulia_mp4;valence;0.021
16.759512;491;giulia_mp4;valence;0.021
16.799613;491;giulia_mp4;valence;0.021
16.839214;491;giulia_mp4;valence;0.021
16.879523;491;giulia_mp4;valence;-0.008
16.919031;491;giulia_mp4;valence;-0.044
16.959535;491;giulia_mp4;valence;-0.052
16.999661;491;giulia_mp4;valence;-0.052
17.039061;491;giulia_mp4;valence;-0.052
17.079236;491;giulia_mp4;valence;-0.052
17.11946;491;giulia_mp4;valence;-0.052
17.159102;491;giulia_mp4;valence;-0.052
17.198971;491;giulia_mp4;valence;-0.052
17.239299;491;giulia_mp4;valence;-0.033
17.279385;491;giulia_mp4;valence;-0.026
17.318792;491;giulia_mp4;valence;-0.013
17.359807;491;giulia_mp4;valence;-0.01
17.399191;491;giulia_mp4;valence;-0.01
17.439015;491;giulia_mp4;valence;-0.01
17.479114;491;giulia_mp4;valence;-0.01
17.51884;491;giulia_mp4;valence;-0.01
17.559148;491;giulia_mp4;valence;-0.01
17.600189;491;giulia_mp4;valence;-0.01
17.639418;491;giulia_mp4;valence;-0.01
17.679679;491;giulia_mp4;valence;-0.01
17.71893;491;giulia_mp4;valence;-0.01
17.759558;491;giulia_mp4;valence;-0.01
17.799773;491;giulia_mp4;valence;-0.01
17.838965;491;giulia_mp4;valence;-0.01
17.87964;491;giulia_mp4;valence;-0.01
17.91885;491;giulia_mp4;valence;-0.01
17.959687;491;giulia_mp4;valence;-0.01
17.999635;491;giulia_mp4;valence;-0.01
18.039481;491;giulia_mp4;valence;-0.01
18.079044;491;giulia_mp4;valence;-0.01
18.119586;491;giulia_mp4;valence;-0.01
18.158892;491;giulia_mp4;valence;-0.01
18.199075;491;giulia_mp4;valence;-0.01
18.239693;491;giulia_mp4;valence;-0.01
18.27958;491;giulia_mp4;valence;-0.01
18.319612;491;giulia_mp4;valence;-0.01
18.359706;491;giulia_mp4;valence;-0.01
18.399576;491;giulia_mp4;valence;-0.01
18.438995;491;giulia_mp4;valence;-0.01
18.479152;491;giulia_mp4;valence;-0.01
18.519037;491;giulia_mp4;valence;-0.01
18.55925;491;giulia_mp4;valence;-0.01
18.599365;491;giulia_mp4;valence;-0.01
18.639954;491;giulia_mp4;valence;-0.01
18.679743;491;giulia_mp4;valence;-0.01
18.719527;491;giulia_mp4;valence;-0.01
18.759077;491;giulia_mp4;valence;-0.01
18.799059;491;giulia_mp4;valence;-0.01
18.839398;491;giulia_mp4;valence;-0.01
18.879206;491;giulia_mp4;valence;-0.01
18.919674;491;giulia_mp4;valence;-0.01
18.95927;491;giulia_mp4;valence;-0.01
18.999438;491;giulia_mp4;valence;-0.01
19.039499;491;giulia_mp4;valence;-0.01
19.079311;491;giulia_mp4;valence;-0.01
19.11897;491;giulia_mp4;valence;-0.01
19.158818;491;giulia_mp4;valence;-0.01
19.199564;491;giulia_mp4;valence;-0.01
19.239182;491;giulia_mp4;valence;-0.01
19.279282;491;giulia_mp4;valence;-0.01
19.319087;491;giulia_mp4;valence;-0.01
19.359675;491;giulia_mp4;valence;-0.01
19.399014;491;giulia_mp4;valence;-0.01
19.439091;491;giulia_mp4;valence;-0.01
19.478801;491;giulia_mp4;valence;-0.01
19.519528;491;giulia_mp4;valence;-0.01
19.559041;491;giulia_mp4;valence;-0.01
19.599428;491;giulia_mp4;valence;-0.01
19.639023;491;giulia_mp4;valence;-0.01
19.679439;491;giulia_mp4;valence;-0.01
19.719125;491;giulia_mp4;valence;-0.01
19.758804;491;giulia_mp4;valence;-0.01
19.79887;491;giulia_mp4;valence;-0.01
19.838995;491;giulia_mp4;valence;-0.01
19.879455;491;giulia_mp4;valence;-0.01
19.919841;491;giulia_mp4;valence;-0.01
19.959532;491;giulia_mp4;valence;-0.01
19.999156;491;giulia_mp4;valence;-0.01
20.039262;491;giulia_mp4;valence;-0.01
20.079695;491;giulia_mp4;valence;-0.01
20.119515;491;giulia_mp4;valence;-0.01
20.159726;491;giulia_mp4;valence;-0.01
20.199719;491;giulia_mp4;valence;-0.01
20.239115;491;giulia_mp4;valence;-0.01
20.279255;491;giulia_mp4;valence;-0.01
20.319748;491;giulia_mp4;valence;-0.01
20.35914;491;giulia_mp4;valence;-0.01
20.398873;491;giulia_mp4;valence;-0.01
20.438864;491;giulia_mp4;valence;-0.01
20.479055;491;giulia_mp4;valence;-0.01
20.519007;491;giulia_mp4;valence;-0.01
20.559477;491;giulia_mp4;valence;-0.01
20.599366;491;giulia_mp4;valence;-0.01
20.639542;491;giulia_mp4;valence;-0.01
20.67929;491;giulia_mp4;valence;-0.01
20.718876;491;giulia_mp4;valence;-0.01
20.758895;491;giulia_mp4;valence;-0.01
20.799059;491;giulia_mp4;valence;-0.01
20.83907;491;giulia_mp4;valence;-0.01
20.8791;491;giulia_mp4;valence;-0.01
20.919759;491;giulia_mp4;valence;-0.01
20.959458;491;giulia_mp4;valence;-0.01
20.999216;491;giulia_mp4;valence;-0.01
21.039149;491;giulia_mp4;valence;-0.01
21.079304;491;giulia_mp4;valence;-0.01
21.118818;491;giulia_mp4;valence;-0.01
21.159921;491;giulia_mp4;valence;-0.01
21.200123;491;giulia_mp4;valence;-0.01
21.23923;491;giulia_mp4;valence;-0.01
21.279213;491;giulia_mp4;valence;-0.01
21.318871;491;giulia_mp4;valence;-0.01
21.360019;491;giulia_mp4;valence;-0.01
21.398965;491;giulia_mp4;valence;-0.01
21.439776;491;giulia_mp4;valence;-0.01
21.479013;491;giulia_mp4;valence;-0.01
21.51912;491;giulia_mp4;valence;-0.01
21.559066;491;giulia_mp4;valence;-0.01
21.598942;491;giulia_mp4;valence;-0.01
21.638918;491;giulia_mp4;valence;-0.01
21.679686;491;giulia_mp4;valence;-0.01
21.719699;491;giulia_mp4;valence;-0.01
21.759636;491;giulia_mp4;valence;-0.01
21.799442;491;giulia_mp4;valence;-0.01
21.839667;491;giulia_mp4;valence;-0.01
21.879251;491;giulia_mp4;valence;-0.01
21.919146;491;giulia_mp4;valence;-0.01
21.959549;491;giulia_mp4;valence;-0.01
21.99906;491;giulia_mp4;valence;-0.01
22.039669;491;giulia_mp4;valence;-0.01
22.078777;491;giulia_mp4;valence;-0.01
22.118868;491;giulia_mp4;valence;-0.01
22.158863;491;giulia_mp4;valence;-0.01
22.199006;491;giulia_mp4;valence;-0.01
22.239523;491;giulia_mp4;valence;-0.01
22.27892;491;giulia_mp4;valence;-0.01
22.319221;491;giulia_mp4;valence;-0.01
22.358956;491;giulia_mp4;valence;-0.01
22.399286;491;giulia_mp4;valence;-0.01
22.439529;491;giulia_mp4;valence;-0.01
22.47916;491;giulia_mp4;valence;-0.01
22.519169;491;giulia_mp4;valence;-0.01
22.559291;491;giulia_mp4;valence;-0.01
22.599268;491;giulia_mp4;valence;-0.01
22.639275;491;giulia_mp4;valence;-0.01
22.679076;491;giulia_mp4;valence;-0.01
22.719639;491;giulia_mp4;valence;-0.01
22.758783;491;giulia_mp4;valence;-0.01
22.799683;491;giulia_mp4;valence;-0.01
22.838772;491;giulia_mp4;valence;-0.01
22.879365;491;giulia_mp4;valence;-0.01
22.919059;491;giulia_mp4;valence;-0.01
22.959208;491;giulia_mp4;valence;-0.01
22.999222;491;giulia_mp4;valence;-0.01
23.039004;491;giulia_mp4;valence;-0.01
23.079235;491;giulia_mp4;valence;-0.01
23.118816;491;giulia_mp4;valence;-0.01
23.15992;491;giulia_mp4;valence;-0.01
23.199126;491;giulia_mp4;valence;-0.01
23.239518;491;giulia_mp4;valence;-0.01
23.278966;491;giulia_mp4;valence;-0.01
23.319061;491;giulia_mp4;valence;-0.01
23.359686;491;giulia_mp4;valence;-0.01
23.398913;491;giulia_mp4;valence;-0.01
23.439101;491;giulia_mp4;valence;-0.01
23.479468;491;giulia_mp4;valence;-0.01
23.519127;491;giulia_mp4;valence;-0.01
23.559161;491;giulia_mp4;valence;-0.01
23.599427;491;giulia_mp4;valence;-0.01
23.638869;491;giulia_mp4;valence;-0.01
23.67918;491;giulia_mp4;valence;-0.01
23.719352;491;giulia_mp4;valence;-0.01
23.759253;491;giulia_mp4;valence;-0.01
23.799539;491;giulia_mp4;valence;-0.01
23.838985;491;giulia_mp4;valence;-0.01
23.879432;491;giulia_mp4;valence;-0.01
23.919406;491;giulia_mp4;valence;-0.01
23.95884;491;giulia_mp4;valence;-0.01
23.999263;491;giulia_mp4;valence;-0.01
24.039347;491;giulia_mp4;valence;-0.01
24.079061;491;giulia_mp4;valence;-0.01
24.119535;491;giulia_mp4;valence;-0.01
24.159004;491;giulia_mp4;valence;-0.01
24.199102;491;giulia_mp4;valence;-0.01
24.239137;491;giulia_mp4;valence;-0.01
24.279062;491;giulia_mp4;valence;-0.01
24.319218;491;giulia_mp4;valence;-0.01
24.35906;491;giulia_mp4;valence;-0.01
24.399305;491;giulia_mp4;valence;-0.01
24.43878;491;giulia_mp4;valence;-0.01
24.479643;491;giulia_mp4;valence;-0.01
24.519396;491;giulia_mp4;valence;-0.01
24.56;491;giulia_mp4;valence;-0.01
24.59941;491;giulia_mp4;valence;-0.01
24.639364;491;giulia_mp4;valence;-0.01
24.679675;491;giulia_mp4;valence;-0.01
24.719507;491;giulia_mp4;valence;-0.01
24.759764;491;giulia_mp4;valence;-0.01
24.799247;491;giulia_mp4;valence;-0.01
24.839247;491;giulia_mp4;valence;-0.01
24.879142;491;giulia_mp4;valence;-0.01
24.919046;491;giulia_mp4;valence;-0.01
24.959694;491;giulia_mp4;valence;-0.01
24.9991;491;giulia_mp4;valence;-0.01
25.039554;491;giulia_mp4;valence;-0.01
25.078907;491;giulia_mp4;valence;-0.01
25.119266;491;giulia_mp4;valence;-0.01
25.159429;491;giulia_mp4;valence;-0.01
25.198834;491;giulia_mp4;valence;-0.01
25.239175;491;giulia_mp4;valence;-0.01
25.279151;491;giulia_mp4;valence;-0.01
25.318809;491;giulia_mp4;valence;-0.01
25.359357;491;giulia_mp4;valence;-0.01
25.398952;491;giulia_mp4;valence;-0.01
25.439387;491;giulia_mp4;valence;-0.01
25.479294;491;giulia_mp4;valence;-0.01
25.518868;491;giulia_mp4;valence;-0.01
25.559332;491;giulia_mp4;valence;-0.01
25.59934;491;giulia_mp4;valence;-0.01
25.639506;491;giulia_mp4;valence;-0.01
25.679674;491;giulia_mp4;valence;-0.01
25.719389;491;giulia_mp4;valence;-0.01
25.759239;491;giulia_mp4;valence;-0.01
25.799015;491;giulia_mp4;valence;-0.01
25.83918;491;giulia_mp4;valence;-0.01
25.879034;491;giulia_mp4;valence;-0.01
25.919164;491;giulia_mp4;valence;-0.01
25.960004;491;giulia_mp4;valence;-0.01
25.999308;491;giulia_mp4;valence;-0.01
26.039227;491;giulia_mp4;valence;-0.01
26.079039;491;giulia_mp4;valence;-0.01
26.119056;491;giulia_mp4;valence;-0.01
26.159057;491;giulia_mp4;valence;-0.01
26.200483;491;giulia_mp4;valence;-0.01
26.239586;491;giulia_mp4;valence;-0.01
26.279201;491;giulia_mp4;valence;-0.01
26.31916;491;giulia_mp4;valence;-0.01
26.359219;491;giulia_mp4;valence;-0.01
26.399899;491;giulia_mp4;valence;-0.01
26.439112;491;giulia_mp4;valence;-0.01
26.479129;491;giulia_mp4;valence;-0.01
26.519335;491;giulia_mp4;valence;-0.01
26.559206;491;giulia_mp4;valence;-0.01
26.599322;491;giulia_mp4;valence;-0.01
26.639098;491;giulia_mp4;valence;-0.01
26.679235;491;giulia_mp4;valence;-0.01
26.719417;491;giulia_mp4;valence;-0.01
26.759652;491;giulia_mp4;valence;-0.01
26.799273;491;giulia_mp4;valence;-0.01
26.839275;491;giulia_mp4;valence;-0.01
26.879646;491;giulia_mp4;valence;-0.01
26.919154;491;giulia_mp4;valence;-0.01
26.958872;491;giulia_mp4;valence;-0.01
26.999396;491;giulia_mp4;valence;-0.01
27.038946;491;giulia_mp4;valence;-0.01
27.078822;491;giulia_mp4;valence;-0.01
27.118991;491;giulia_mp4;valence;-0.01
27.158779;491;giulia_mp4;valence;-0.01
27.199517;491;giulia_mp4;valence;-0.01
27.239608;491;giulia_mp4;valence;-0.01
27.279222;491;giulia_mp4;valence;-0.01
27.318807;491;giulia_mp4;valence;-0.01
27.359409;491;giulia_mp4;valence;-0.01
27.398982;491;giulia_mp4;valence;-0.01
27.438888;491;giulia_mp4;valence;-0.01
27.47941;491;giulia_mp4;valence;-0.01
27.519077;491;giulia_mp4;valence;-0.01
27.559027;491;giulia_mp4;valence;-0.01
27.599458;491;giulia_mp4;valence;-0.01
27.639153;491;giulia_mp4;valence;-0.01
27.679237;491;giulia_mp4;valence;-0.01
27.719285;491;giulia_mp4;valence;-0.01
27.759621;491;giulia_mp4;valence;-0.01
27.799063;491;giulia_mp4;valence;-0.01
27.83915;491;giulia_mp4;valence;-0.01
27.879284;491;giulia_mp4;valence;-0.01
27.919009;491;giulia_mp4;valence;-0.01
27.959069;491;giulia_mp4;valence;-0.01
27.9995;491;giulia_mp4;valence;-0.01
28.03967;491;giulia_mp4;valence;-0.01
28.07942;491;giulia_mp4;valence;-0.01
28.118976;491;giulia_mp4;valence;-0.01
28.159236;491;giulia_mp4;valence;-0.01
28.199004;491;giulia_mp4;valence;-0.01
28.239388;491;giulia_mp4;valence;-0.01
28.279291;491;giulia_mp4;valence;-0.01
28.319905;491;giulia_mp4;valence;-0.01
28.35901;491;giulia_mp4;valence;-0.01
28.398899;491;giulia_mp4;valence;-0.01
28.440146;491;giulia_mp4;valence;-0.01
28.479518;491;giulia_mp4;valence;-0.01
28.519499;491;giulia_mp4;valence;-0.01
28.559207;491;giulia_mp4;valence;-0.01
28.599251;491;giulia_mp4;valence;-0.01
28.639393;491;giulia_mp4;valence;-0.01
28.679383;491;giulia_mp4;valence;-0.01
28.719572;491;giulia_mp4;valence;-0.01
28.759097;491;giulia_mp4;valence;-0.01
28.799249;491;giulia_mp4;valence;-0.01
28.83929;491;giulia_mp4;valence;-0.01
28.879103;491;giulia_mp4;valence;-0.01
28.919263;491;giulia_mp4;valence;-0.01
28.959082;491;giulia_mp4;valence;-0.01
28.999982;491;giulia_mp4;valence;-0.01
29.039303;491;giulia_mp4;valence;-0.01
29.079077;491;giulia_mp4;valence;-0.01
29.119188;491;giulia_mp4;valence;-0.01
29.159478;491;giulia_mp4;valence;-0.01
29.199555;491;giulia_mp4;valence;-0.01
29.238862;491;giulia_mp4;valence;-0.01
29.278878;491;giulia_mp4;valence;-0.01
29.319047;491;giulia_mp4;valence;-0.01
29.359583;491;giulia_mp4;valence;-0.01
29.399204;491;giulia_mp4;valence;-0.01
29.439111;491;giulia_mp4;valence;-0.01
29.479282;491;giulia_mp4;valence;-0.01
29.51924;491;giulia_mp4;valence;-0.01
29.559579;491;giulia_mp4;valence;-0.01
29.599303;491;giulia_mp4;valence;-0.01
29.639469;491;giulia_mp4;valence;-0.01
29.679484;491;giulia_mp4;valence;-0.01
29.719286;491;giulia_mp4;valence;-0.01
29.759056;491;giulia_mp4;valence;-0.01
29.799018;491;giulia_mp4;valence;-0.01
29.839028;491;giulia_mp4;valence;-0.01
29.879117;491;giulia_mp4;valence;-0.01
29.919279;491;giulia_mp4;valence;-0.01
29.959206;491;giulia_mp4;valence;-0.01
29.999115;491;giulia_mp4;valence;-0.01
30.039435;491;giulia_mp4;valence;-0.01
30.079271;491;giulia_mp4;valence;-0.01
30.119444;491;giulia_mp4;valence;-0.01
30.159783;491;giulia_mp4;valence;-0.01
30.198933;491;giulia_mp4;valence;-0.01
30.23967;491;giulia_mp4;valence;-0.01
30.279659;491;giulia_mp4;valence;-0.01
30.319183;491;giulia_mp4;valence;-0.01
30.359127;491;giulia_mp4;valence;-0.01
30.399097;491;giulia_mp4;valence;-0.01
30.439791;491;giulia_mp4;valence;-0.01
30.479336;491;giulia_mp4;valence;-0.01
30.51909;491;giulia_mp4;valence;-0.01
30.559173;491;giulia_mp4;valence;-0.01
30.599242;491;giulia_mp4;valence;-0.01
30.639732;491;giulia_mp4;valence;-0.01
30.679244;491;giulia_mp4;valence;-0.01
30.719917;491;giulia_mp4;valence;-0.01
30.759154;491;giulia_mp4;valence;-0.01
30.799159;491;giulia_mp4;valence;-0.01
30.839746;491;giulia_mp4;valence;-0.01
30.879366;491;giulia_mp4;valence;-0.01
30.919322;491;giulia_mp4;valence;-0.01
30.958944;491;giulia_mp4;valence;-0.01
30.99896;491;giulia_mp4;valence;-0.01
31.039033;491;giulia_mp4;valence;-0.01
31.07966;491;giulia_mp4;valence;-0.01
31.119044;491;giulia_mp4;valence;-0.01
31.159034;491;giulia_mp4;valence;-0.01
31.199658;491;giulia_mp4;valence;-0.01
31.239363;491;giulia_mp4;valence;-0.01
31.279062;491;giulia_mp4;valence;-0.01
31.319937;491;giulia_mp4;valence;0.001
31.359829;491;giulia_mp4;valence;0.007
31.40195;491;giulia_mp4;valence;0.012
31.43977;491;giulia_mp4;valence;0.014
31.479666;491;giulia_mp4;valence;0.014
31.518839;491;giulia_mp4;valence;0.018
31.559455;491;giulia_mp4;valence;0.019
31.598784;491;giulia_mp4;valence;0.019
31.639001;491;giulia_mp4;valence;0.021
31.679623;491;giulia_mp4;valence;0.027
31.719769;491;giulia_mp4;valence;0.049
31.759018;491;giulia_mp4;valence;0.058
31.79926;491;giulia_mp4;valence;0.09
31.839345;491;giulia_mp4;valence;0.099
31.879666;491;giulia_mp4;valence;0.103
31.918921;491;giulia_mp4;valence;0.118
31.959649;491;giulia_mp4;valence;0.134
31.998784;491;giulia_mp4;valence;0.156
32.039054;491;giulia_mp4;valence;0.194
32.079176;491;giulia_mp4;valence;0.211
32.119058;491;giulia_mp4;valence;0.218
32.159392;491;giulia_mp4;valence;0.22
32.19891;491;giulia_mp4;valence;0.238
32.239012;491;giulia_mp4;valence;0.278
32.279532;491;giulia_mp4;valence;0.294
32.318884;491;giulia_mp4;valence;0.301
32.359157;491;giulia_mp4;valence;0.311
32.39944;491;giulia_mp4;valence;0.32
32.439009;491;giulia_mp4;valence;0.331
32.479622;491;giulia_mp4;valence;0.345
32.518878;491;giulia_mp4;valence;0.365
32.559633;491;giulia_mp4;valence;0.372
32.598803;491;giulia_mp4;valence;0.376
32.638952;491;giulia_mp4;valence;0.385
32.679461;491;giulia_mp4;valence;0.391
32.719085;491;giulia_mp4;valence;0.398
32.759089;491;giulia_mp4;valence;0.409
32.799126;491;giulia_mp4;valence;0.409
32.839628;491;giulia_mp4;valence;0.409
32.879064;491;giulia_mp4;valence;0.416
32.919689;491;giulia_mp4;valence;0.42
32.959706;491;giulia_mp4;valence;0.429
32.998853;491;giulia_mp4;valence;0.44
33.039189;491;giulia_mp4;valence;0.445
33.079131;491;giulia_mp4;valence;0.449
33.11921;491;giulia_mp4;valence;0.467
33.159154;491;giulia_mp4;valence;0.473
33.198918;491;giulia_mp4;valence;0.478
33.239404;491;giulia_mp4;valence;0.493
33.279576;491;giulia_mp4;valence;0.5
33.31917;491;giulia_mp4;valence;0.507
33.359662;491;giulia_mp4;valence;0.509
33.399583;491;giulia_mp4;valence;0.516
33.43905;491;giulia_mp4;valence;0.533
33.479793;491;giulia_mp4;valence;0.542
33.519722;491;giulia_mp4;valence;0.542
33.560232;491;giulia_mp4;valence;0.545
33.599256;491;giulia_mp4;valence;0.551
33.639579;491;giulia_mp4;valence;0.558
33.679949;491;giulia_mp4;valence;0.567
33.71907;491;giulia_mp4;valence;0.582
33.759704;491;giulia_mp4;valence;0.602
33.798953;491;giulia_mp4;valence;0.622
33.83928;491;giulia_mp4;valence;0.642
33.879094;491;giulia_mp4;valence;0.644
33.9192;491;giulia_mp4;valence;0.647
33.959481;491;giulia_mp4;valence;0.651
33.99914;491;giulia_mp4;valence;0.656
34.039736;491;giulia_mp4;valence;0.665
34.078971;491;giulia_mp4;valence;0.673
34.119011;491;giulia_mp4;valence;0.685
34.159005;491;giulia_mp4;valence;0.695
34.199073;491;giulia_mp4;valence;0.704
34.23944;491;giulia_mp4;valence;0.727
34.279041;491;giulia_mp4;valence;0.738
34.31885;491;giulia_mp4;valence;0.749
34.359099;491;giulia_mp4;valence;0.755
34.399408;491;giulia_mp4;valence;0.762
34.439096;491;giulia_mp4;valence;0.775
34.4797;491;giulia_mp4;valence;0.786
34.518936;491;giulia_mp4;valence;0.8
34.559266;491;giulia_mp4;valence;0.802
34.601348;491;giulia_mp4;valence;0.804
34.639021;491;giulia_mp4;valence;0.807
34.679322;491;giulia_mp4;valence;0.807
34.719061;491;giulia_mp4;valence;0.807
34.759098;491;giulia_mp4;valence;0.807
34.799419;491;giulia_mp4;valence;0.807
34.839667;491;giulia_mp4;valence;0.807
34.879065;491;giulia_mp4;valence;0.807
34.918936;491;giulia_mp4;valence;0.817
34.958825;491;giulia_mp4;valence;0.84
34.999132;491;giulia_mp4;valence;0.86
35.040182;491;giulia_mp4;valence;0.864
35.079077;491;giulia_mp4;valence;0.864
35.119086;491;giulia_mp4;valence;0.864
35.15881;491;giulia_mp4;valence;0.864
35.199944;491;giulia_mp4;valence;0.857
35.239711;491;giulia_mp4;valence;0.822
35.279051;491;giulia_mp4;valence;0.802
35.318971;491;giulia_mp4;valence;0.787
35.359014;491;giulia_mp4;valence;0.773
35.39943;491;giulia_mp4;valence;0.755
35.439008;491;giulia_mp4;valence;0.72
35.479112;491;giulia_mp4;valence;0.695
35.519052;491;giulia_mp4;valence;0.667
35.559214;491;giulia_mp4;valence;0.664
35.599857;491;giulia_mp4;valence;0.662
35.639405;491;giulia_mp4;valence;0.662
35.679232;491;giulia_mp4;valence;0.656
35.719566;491;giulia_mp4;valence;0.656
35.758911;491;giulia_mp4;valence;0.656
35.79939;491;giulia_mp4;valence;0.655
35.83882;491;giulia_mp4;valence;0.647
35.87876;491;giulia_mp4;valence;0.633
35.919232;491;giulia_mp4;valence;0.613
35.95878;491;giulia_mp4;valence;0.611
35.999646;491;giulia_mp4;valence;0.611
36.039251;491;giulia_mp4;valence;0.611
36.079128;491;giulia_mp4;valence;0.611
36.119237;491;giulia_mp4;valence;0.611
36.15924;491;giulia_mp4;valence;0.587
36.199344;491;giulia_mp4;valence;0.571
36.239191;491;giulia_mp4;valence;0.571
36.27944;491;giulia_mp4;valence;0.571
36.318886;491;giulia_mp4;valence;0.587
36.358744;491;giulia_mp4;valence;0.609
36.399504;491;giulia_mp4;valence;0.622
36.43963;491;giulia_mp4;valence;0.636
36.479127;491;giulia_mp4;valence;0.647
36.519293;491;giulia_mp4;valence;0.662
36.559602;491;giulia_mp4;valence;0.673
36.599143;491;giulia_mp4;valence;0.695
36.638728;491;giulia_mp4;valence;0.726
36.679365;491;giulia_mp4;valence;0.733
36.719629;491;giulia_mp4;valence;0.733
36.759003;491;giulia_mp4;valence;0.736
36.79873;491;giulia_mp4;valence;0.74
36.838925;491;giulia_mp4;valence;0.758
36.879417;491;giulia_mp4;valence;0.764
36.918852;491;giulia_mp4;valence;0.787
36.959489;491;giulia_mp4;valence;0.796
36.999062;491;giulia_mp4;valence;0.802
37.039997;491;giulia_mp4;valence;0.807
37.079242;491;giulia_mp4;valence;0.817
37.118799;491;giulia_mp4;valence;0.826
37.159053;491;giulia_mp4;valence;0.831
37.199497;491;giulia_mp4;valence;0.837
37.238895;491;giulia_mp4;valence;0.844
37.27876;491;giulia_mp4;valence;0.853
37.318843;491;giulia_mp4;valence;0.871
37.358714;491;giulia_mp4;valence;0.88
37.399447;491;giulia_mp4;valence;0.886
37.43957;491;giulia_mp4;valence;0.9
37.479699;491;giulia_mp4;valence;0.913
37.518836;491;giulia_mp4;valence;0.933
37.558906;491;giulia_mp4;valence;0.942
37.599379;491;giulia_mp4;valence;0.955
37.63937;491;giulia_mp4;valence;0.973
37.67887;491;giulia_mp4;valence;0.978
37.718788;491;giulia_mp4;valence;0.997
37.759012;491;giulia_mp4;valence;1
37.798737;491;giulia_mp4;valence;1
37.839331;491;giulia_mp4;valence;1
37.879634;491;giulia_mp4;valence;1
37.920125;491;giulia_mp4;valence;1
37.95902;491;giulia_mp4;valence;1
37.999305;491;giulia_mp4;valence;1
38.038891;491;giulia_mp4;valence;1
38.079244;491;giulia_mp4;valence;1
38.118971;491;giulia_mp4;valence;1
38.158977;491;giulia_mp4;valence;1
38.198933;491;giulia_mp4;valence;1
38.239696;491;giulia_mp4;valence;1
38.279121;491;giulia_mp4;valence;1
38.31934;491;giulia_mp4;valence;1
38.359018;491;giulia_mp4;valence;1
38.399347;491;giulia_mp4;valence;1
38.439031;491;giulia_mp4;valence;1
38.479108;491;giulia_mp4;valence;1
38.519203;491;giulia_mp4;valence;1
38.559096;491;giulia_mp4;valence;1
38.599919;491;giulia_mp4;valence;1
38.638985;491;giulia_mp4;valence;1
38.678955;491;giulia_mp4;valence;1
38.719507;491;giulia_mp4;valence;1
38.759353;491;giulia_mp4;valence;1
38.799092;491;giulia_mp4;valence;1
38.839153;491;giulia_mp4;valence;1
38.879539;491;giulia_mp4;valence;1
38.919062;491;giulia_mp4;valence;1
38.95921;491;giulia_mp4;valence;1
38.999287;491;giulia_mp4;valence;1
39.039051;491;giulia_mp4;valence;1
39.079782;491;giulia_mp4;valence;1
39.118891;491;giulia_mp4;valence;1
39.158801;491;giulia_mp4;valence;1
39.19906;491;giulia_mp4;valence;1
39.23967;491;giulia_mp4;valence;1
39.279347;491;giulia_mp4;valence;1
39.319066;491;giulia_mp4;valence;1
39.359508;491;giulia_mp4;valence;1
39.39919;491;giulia_mp4;valence;1
39.439024;491;giulia_mp4;valence;1
39.479567;491;giulia_mp4;valence;0.993
39.518676;491;giulia_mp4;valence;0.964
39.559248;491;giulia_mp4;valence;0.948
39.599398;491;giulia_mp4;valence;0.938
39.638892;491;giulia_mp4;valence;0.924
39.680017;491;giulia_mp4;valence;0.915
39.718776;491;giulia_mp4;valence;0.889
39.759059;491;giulia_mp4;valence;0.866
39.79946;491;giulia_mp4;valence;0.847
39.839048;491;giulia_mp4;valence;0.826
39.879215;491;giulia_mp4;valence;0.811
39.919154;491;giulia_mp4;valence;0.795
39.959621;491;giulia_mp4;valence;0.782
39.999398;491;giulia_mp4;valence;0.773
40.039005;491;giulia_mp4;valence;0.749
40.079587;491;giulia_mp4;valence;0.738
40.119589;491;giulia_mp4;valence;0.724
40.159085;491;giulia_mp4;valence;0.707
40.201708;491;giulia_mp4;valence;0.68
40.239712;491;giulia_mp4;valence;0.664
40.279398;491;giulia_mp4;valence;0.647
40.318831;491;giulia_mp4;valence;0.618
40.359103;491;giulia_mp4;valence;0.604
40.399469;491;giulia_mp4;valence;0.591
40.43941;491;giulia_mp4;valence;0.578
40.479403;491;giulia_mp4;valence;0.573
40.519046;491;giulia_mp4;valence;0.556
40.559089;491;giulia_mp4;valence;0.536
40.599879;491;giulia_mp4;valence;0.518
40.639136;491;giulia_mp4;valence;0.511
40.679334;491;giulia_mp4;valence;0.505
40.718992;491;giulia_mp4;valence;0.48
40.759249;491;giulia_mp4;valence;0.46
40.799058;491;giulia_mp4;valence;0.438
40.838979;491;giulia_mp4;valence;0.405
40.878987;491;giulia_mp4;valence;0.389
40.918726;491;giulia_mp4;valence;0.369
40.95893;491;giulia_mp4;valence;0.362
40.999173;491;giulia_mp4;valence;0.347
41.039607;491;giulia_mp4;valence;0.316
41.079613;491;giulia_mp4;valence;0.296
41.118803;491;giulia_mp4;valence;0.267
41.158941;491;giulia_mp4;valence;0.247
41.201193;491;giulia_mp4;valence;0.22
41.239652;491;giulia_mp4;valence;0.205
41.279515;491;giulia_mp4;valence;0.183
41.319115;491;giulia_mp4;valence;0.15
41.359491;491;giulia_mp4;valence;0.127
41.398808;491;giulia_mp4;valence;0.105
41.438821;491;giulia_mp4;valence;0.087
41.479047;491;giulia_mp4;valence;0.081
41.51889;491;giulia_mp4;valence;0.065
41.559311;491;giulia_mp4;valence;0.059
41.598673;491;giulia_mp4;valence;0.049
41.639004;491;giulia_mp4;valence;0.029
41.679305;491;giulia_mp4;valence;0.027
41.71932;491;giulia_mp4;valence;0.027
41.759391;491;giulia_mp4;valence;0.025
41.798944;491;giulia_mp4;valence;0.016
41.839439;491;giulia_mp4;valence;0.014
41.878897;491;giulia_mp4;valence;0.014
41.919078;491;giulia_mp4;valence;0.012
41.958993;491;giulia_mp4;valence;0.012
41.999062;491;giulia_mp4;valence;0.012
42.039251;491;giulia_mp4;valence;0.001
42.079072;491;giulia_mp4;valence;-0.01
42.119486;491;giulia_mp4;valence;-0.01
42.158849;491;giulia_mp4;valence;-0.013
42.199343;491;giulia_mp4;valence;-0.015
42.239093;491;giulia_mp4;valence;-0.015
42.278997;491;giulia_mp4;valence;-0.015
42.319482;491;giulia_mp4;valence;-0.015
42.359468;491;giulia_mp4;valence;-0.015
42.399065;491;giulia_mp4;valence;-0.015
42.43952;491;giulia_mp4;valence;-0.019
42.478785;491;giulia_mp4;valence;-0.019
42.518887;491;giulia_mp4;valence;-0.033
42.559702;491;giulia_mp4;valence;-0.046
42.599111;491;giulia_mp4;valence;-0.057
42.639174;491;giulia_mp4;valence;-0.07
42.679187;491;giulia_mp4;valence;-0.075
42.719036;491;giulia_mp4;valence;-0.09
42.759209;491;giulia_mp4;valence;-0.103
42.801208;491;giulia_mp4;valence;-0.113
42.83919;491;giulia_mp4;valence;-0.123
42.879349;491;giulia_mp4;valence;-0.137
42.919113;491;giulia_mp4;valence;-0.148
42.959527;491;giulia_mp4;valence;-0.155
42.998963;491;giulia_mp4;valence;-0.166
43.039102;491;giulia_mp4;valence;-0.184
43.079108;491;giulia_mp4;valence;-0.192
43.118744;491;giulia_mp4;valence;-0.204
43.159649;491;giulia_mp4;valence;-0.212
43.199024;491;giulia_mp4;valence;-0.217
43.239102;491;giulia_mp4;valence;-0.223
43.279211;491;giulia_mp4;valence;-0.228
43.319175;491;giulia_mp4;valence;-0.246
43.358786;491;giulia_mp4;valence;-0.255
43.399675;491;giulia_mp4;valence;-0.261
43.438696;491;giulia_mp4;valence;-0.275
43.478969;491;giulia_mp4;valence;-0.288
43.519298;491;giulia_mp4;valence;-0.306
43.559667;491;giulia_mp4;valence;-0.315
43.598877;491;giulia_mp4;valence;-0.323
43.639003;491;giulia_mp4;valence;-0.334
43.679154;491;giulia_mp4;valence;-0.339
43.718776;491;giulia_mp4;valence;-0.354
43.75979;491;giulia_mp4;valence;-0.363
43.799103;491;giulia_mp4;valence;-0.366
43.839707;491;giulia_mp4;valence;-0.372
43.879337;491;giulia_mp4;valence;-0.375
43.919311;491;giulia_mp4;valence;-0.375
43.959599;491;giulia_mp4;valence;-0.375
43.998833;491;giulia_mp4;valence;-0.375
44.038944;491;giulia_mp4;valence;-0.375
44.079123;491;giulia_mp4;valence;-0.375
44.118783;491;giulia_mp4;valence;-0.35
44.158822;491;giulia_mp4;valence;-0.33
44.199039;491;giulia_mp4;valence;-0.323
44.238948;491;giulia_mp4;valence;-0.299
44.279626;491;giulia_mp4;valence;-0.284
44.318772;491;giulia_mp4;valence;-0.266
44.359586;491;giulia_mp4;valence;-0.261
44.399211;491;giulia_mp4;valence;-0.259
44.438777;491;giulia_mp4;valence;-0.234
44.479073;491;giulia_mp4;valence;-0.203
44.518937;491;giulia_mp4;valence;-0.183
44.559613;491;giulia_mp4;valence;-0.179
44.599634;491;giulia_mp4;valence;-0.17
44.639011;491;giulia_mp4;valence;-0.153
44.679645;491;giulia_mp4;valence;-0.143
44.718784;491;giulia_mp4;valence;-0.137
44.759527;491;giulia_mp4;valence;-0.133
44.799595;491;giulia_mp4;valence;-0.133
44.839151;491;giulia_mp4;valence;-0.133
44.879037;491;giulia_mp4;valence;-0.152
44.919072;491;giulia_mp4;valence;-0.197
44.959658;491;giulia_mp4;valence;-0.214
44.999873;491;giulia_mp4;valence;-0.217
45.039159;491;giulia_mp4;valence;-0.228
45.079371;491;giulia_mp4;valence;-0.244
45.118905;491;giulia_mp4;valence;-0.261
45.159283;491;giulia_mp4;valence;-0.268
45.199873;491;giulia_mp4;valence;-0.279
45.238714;491;giulia_mp4;valence;-0.303
45.279155;491;giulia_mp4;valence;-0.314
45.318884;491;giulia_mp4;valence;-0.328
45.359401;491;giulia_mp4;valence;-0.334
45.398787;491;giulia_mp4;valence;-0.339
45.439757;491;giulia_mp4;valence;-0.343
45.479395;491;giulia_mp4;valence;-0.343
45.519331;491;giulia_mp4;valence;-0.339
45.559109;491;giulia_mp4;valence;-0.314
45.599298;491;giulia_mp4;valence;-0.275
45.639535;491;giulia_mp4;valence;-0.214
45.678959;491;giulia_mp4;valence;-0.206
45.718928;491;giulia_mp4;valence;-0.206
45.759141;491;giulia_mp4;valence;-0.201
45.798898;491;giulia_mp4;valence;-0.188
45.838751;491;giulia_mp4;valence;-0.172
45.879118;491;giulia_mp4;valence;-0.172
45.919734;491;giulia_mp4;valence;-0.172
45.959692;491;giulia_mp4;valence;-0.175
46.001554;491;giulia_mp4;valence;-0.193
46.038999;491;giulia_mp4;valence;-0.21
46.079227;491;giulia_mp4;valence;-0.23
46.119038;491;giulia_mp4;valence;-0.274
46.15902;491;giulia_mp4;valence;-0.295
46.199568;491;giulia_mp4;valence;-0.31
46.238771;491;giulia_mp4;valence;-0.321
46.279354;491;giulia_mp4;valence;-0.326
46.319273;491;giulia_mp4;valence;-0.335
46.359106;491;giulia_mp4;valence;-0.345
46.399356;491;giulia_mp4;valence;-0.359
46.439425;491;giulia_mp4;valence;-0.374
46.479372;491;giulia_mp4;valence;-0.388
46.518984;491;giulia_mp4;valence;-0.416
46.559242;491;giulia_mp4;valence;-0.428
46.599228;491;giulia_mp4;valence;-0.432
46.639136;491;giulia_mp4;valence;-0.445
46.679351;491;giulia_mp4;valence;-0.456
46.719004;491;giulia_mp4;valence;-0.477
46.759257;491;giulia_mp4;valence;-0.492
46.799583;491;giulia_mp4;valence;-0.497
46.838748;491;giulia_mp4;valence;-0.503
46.879942;491;giulia_mp4;valence;-0.51
46.919066;491;giulia_mp4;valence;-0.519
46.959001;491;giulia_mp4;valence;-0.53
46.999069;491;giulia_mp4;valence;-0.545
47.039587;491;giulia_mp4;valence;-0.563
47.079237;491;giulia_mp4;valence;-0.572
47.119023;491;giulia_mp4;valence;-0.587
47.159041;491;giulia_mp4;valence;-0.592
47.199942;491;giulia_mp4;valence;-0.592
47.238812;491;giulia_mp4;valence;-0.592
47.279173;491;giulia_mp4;valence;-0.592
47.31881;491;giulia_mp4;valence;-0.598
47.35942;491;giulia_mp4;valence;-0.603
47.39901;491;giulia_mp4;valence;-0.605
47.438899;491;giulia_mp4;valence;-0.612
47.479389;491;giulia_mp4;valence;-0.614
47.519444;491;giulia_mp4;valence;-0.618
47.55952;491;giulia_mp4;valence;-0.618
47.599114;491;giulia_mp4;valence;-0.628
47.639653;491;giulia_mp4;valence;-0.643
47.679213;491;giulia_mp4;valence;-0.648
47.718812;491;giulia_mp4;valence;-0.658
47.758789;491;giulia_mp4;valence;-0.661
47.79876;491;giulia_mp4;valence;-0.667
47.839104;491;giulia_mp4;valence;-0.674
47.879083;491;giulia_mp4;valence;-0.685
47.918849;491;giulia_mp4;valence;-0.696
47.960103;491;giulia_mp4;valence;-0.698
47.999305;491;giulia_mp4;valence;-0.698
48.038688;491;giulia_mp4;valence;-0.698
48.078883;491;giulia_mp4;valence;-0.698
48.118911;491;giulia_mp4;valence;-0.705
48.159596;491;giulia_mp4;valence;-0.71
48.200989;491;giulia_mp4;valence;-0.718
48.239394;491;giulia_mp4;valence;-0.729
48.279008;491;giulia_mp4;valence;-0.749
48.318852;491;giulia_mp4;valence;-0.767
48.359135;491;giulia_mp4;valence;-0.772
48.399448;491;giulia_mp4;valence;-0.772
48.438835;491;giulia_mp4;valence;-0.774
48.479063;491;giulia_mp4;valence;-0.779
48.519039;491;giulia_mp4;valence;-0.798
48.558822;491;giulia_mp4;valence;-0.814
48.599227;491;giulia_mp4;valence;-0.823
48.638998;491;giulia_mp4;valence;-0.823
48.679753;491;giulia_mp4;valence;-0.823
48.719069;491;giulia_mp4;valence;-0.827
48.759361;491;giulia_mp4;valence;-0.834
48.801512;491;giulia_mp4;valence;-0.849
48.839078;491;giulia_mp4;valence;-0.856
48.87896;491;giulia_mp4;valence;-0.861
48.918691;491;giulia_mp4;valence;-0.876
48.959423;491;giulia_mp4;valence;-0.892
49.001568;491;giulia_mp4;valence;-0.914
49.038996;491;giulia_mp4;valence;-0.921
49.079144;491;giulia_mp4;valence;-0.925
49.118786;491;giulia_mp4;valence;-0.929
49.158909;491;giulia_mp4;valence;-0.947
49.198876;491;giulia_mp4;valence;-0.965
49.239411;491;giulia_mp4;valence;-0.983
49.278925;491;giulia_mp4;valence;-0.985
49.318843;491;giulia_mp4;valence;-0.994
49.359031;491;giulia_mp4;valence;-1
49.399411;491;giulia_mp4;valence;-1
49.439183;491;giulia_mp4;valence;-1
49.479552;491;giulia_mp4;valence;-1
49.519191;491;giulia_mp4;valence;-1
49.559465;491;giulia_mp4;valence;-1
49.599675;491;giulia_mp4;valence;-1
49.638992;491;giulia_mp4;valence;-1
49.679194;491;giulia_mp4;valence;-1
49.718771;491;giulia_mp4;valence;-1
49.759084;491;giulia_mp4;valence;-1
49.799193;491;giulia_mp4;valence;-1
49.839011;491;giulia_mp4;valence;-1
49.878771;491;giulia_mp4;valence;-1
49.919178;491;giulia_mp4;valence;-1
49.958721;491;giulia_mp4;valence;-1
49.998916;491;giulia_mp4;valence;-1
50.039017;491;giulia_mp4;valence;-1
50.078738;491;giulia_mp4;valence;-1
50.118785;491;giulia_mp4;valence;-0.976
50.159017;491;giulia_mp4;valence;-0.969
50.199619;491;giulia_mp4;valence;-0.969
50.23974;491;giulia_mp4;valence;-0.961
50.280121;491;giulia_mp4;valence;-0.943
50.319161;491;giulia_mp4;valence;-0.932
50.358799;491;giulia_mp4;valence;-0.925
50.399776;491;giulia_mp4;valence;-0.89
50.439321;491;giulia_mp4;valence;-0.878
50.479017;491;giulia_mp4;valence;-0.878
50.518691;491;giulia_mp4;valence;-0.905
50.559628;491;giulia_mp4;valence;-0.945
50.599822;491;giulia_mp4;valence;-0.981
50.639213;491;giulia_mp4;valence;-1
50.679217;491;giulia_mp4;valence;-1
50.718684;491;giulia_mp4;valence;-1
50.759238;491;giulia_mp4;valence;-1
50.799778;491;giulia_mp4;valence;-1
50.839645;491;giulia_mp4;valence;-1
50.879189;491;giulia_mp4;valence;-1
50.919262;491;giulia_mp4;valence;-1
50.959264;491;giulia_mp4;valence;-1
50.999227;491;giulia_mp4;valence;-1
51.039742;491;giulia_mp4;valence;-1
51.078955;491;giulia_mp4;valence;-1
51.118955;491;giulia_mp4;valence;-1
51.159568;491;giulia_mp4;valence;-1
51.198966;491;giulia_mp4;valence;-1
51.239035;491;giulia_mp4;valence;-1
51.279616;491;giulia_mp4;valence;-1
51.318989;491;giulia_mp4;valence;-1
51.359669;491;giulia_mp4;valence;-1
51.399376;491;giulia_mp4;valence;-1
51.438721;491;giulia_mp4;valence;-1
51.47907;491;giulia_mp4;valence;-0.985
51.518976;491;giulia_mp4;valence;-0.889
51.559137;491;giulia_mp4;valence;-0.854
51.598714;491;giulia_mp4;valence;-0.847
51.63967;491;giulia_mp4;valence;-0.809
51.678781;491;giulia_mp4;valence;-0.719
51.718863;491;giulia_mp4;valence;-0.577
51.75928;491;giulia_mp4;valence;-0.552
51.798734;491;giulia_mp4;valence;-0.552
51.839062;491;giulia_mp4;valence;-0.552
51.879031;491;giulia_mp4;valence;-0.552
51.918737;491;giulia_mp4;valence;-0.552
51.959126;491;giulia_mp4;valence;-0.552
51.999646;491;giulia_mp4;valence;-0.552
52.039223;491;giulia_mp4;valence;-0.552
52.07897;491;giulia_mp4;valence;-0.552
52.118736;491;giulia_mp4;valence;-0.552
52.159387;491;giulia_mp4;valence;-0.552
52.199195;491;giulia_mp4;valence;-0.552
52.238979;491;giulia_mp4;valence;-0.552
52.279217;491;giulia_mp4;valence;-0.552
52.319055;491;giulia_mp4;valence;-0.552
52.359052;491;giulia_mp4;valence;-0.552
52.399744;491;giulia_mp4;valence;-0.552
52.438708;491;giulia_mp4;valence;-0.552
52.478737;491;giulia_mp4;valence;-0.552
52.519672;491;giulia_mp4;valence;-0.552
52.558994;491;giulia_mp4;valence;-0.552
52.59926;491;giulia_mp4;valence;-0.552
52.639166;491;giulia_mp4;valence;-0.552
52.679087;491;giulia_mp4;valence;-0.552
52.71884;491;giulia_mp4;valence;-0.552
52.759347;491;giulia_mp4;valence;-0.552
52.798901;491;giulia_mp4;valence;-0.552
52.838713;491;giulia_mp4;valence;-0.552
52.879615;491;giulia_mp4;valence;-0.552
52.919437;491;giulia_mp4;valence;-0.552
52.959612;491;giulia_mp4;valence;-0.552
52.998857;491;giulia_mp4;valence;-0.552
53.039553;491;giulia_mp4;valence;-0.552
53.079594;491;giulia_mp4;valence;-0.552
53.11921;491;giulia_mp4;valence;-0.552
53.159089;491;giulia_mp4;valence;-0.552
53.19892;491;giulia_mp4;valence;-0.552
53.2397;491;giulia_mp4;valence;-0.552
53.279505;491;giulia_mp4;valence;-0.552
53.319085;491;giulia_mp4;valence;-0.552
53.359687;491;giulia_mp4;valence;-0.552
53.39887;491;giulia_mp4;valence;-0.552
53.439559;491;giulia_mp4;valence;-0.552
53.479336;491;giulia_mp4;valence;-0.552
53.518904;491;giulia_mp4;valence;-0.552
53.558875;491;giulia_mp4;valence;-0.552
53.599178;491;giulia_mp4;valence;-0.552
53.639776;491;giulia_mp4;valence;-0.552
53.679303;491;giulia_mp4;valence;-0.552
53.719261;491;giulia_mp4;valence;-0.552
53.759331;491;giulia_mp4;valence;-0.552
53.799602;491;giulia_mp4;valence;-0.552
53.839139;491;giulia_mp4;valence;-0.552
53.879104;491;giulia_mp4;valence;-0.552
53.918803;491;giulia_mp4;valence;-0.552
53.959066;491;giulia_mp4;valence;-0.552
53.999057;491;giulia_mp4;valence;-0.552
54.03907;491;giulia_mp4;valence;-0.552
54.078753;491;giulia_mp4;valence;-0.552
54.118916;491;giulia_mp4;valence;-0.552
54.159174;491;giulia_mp4;valence;-0.552
54.198982;491;giulia_mp4;valence;-0.552
54.239059;491;giulia_mp4;valence;-0.552
54.278757;491;giulia_mp4;valence;-0.552
54.319629;491;giulia_mp4;valence;-0.552
54.359274;491;giulia_mp4;valence;-0.552
54.399747;491;giulia_mp4;valence;-0.552
54.439613;491;giulia_mp4;valence;-0.552
54.479804;491;giulia_mp4;valence;-0.552
54.519066;491;giulia_mp4;valence;-0.552
54.558919;491;giulia_mp4;valence;-0.552
54.59903;491;giulia_mp4;valence;-0.552
54.639483;491;giulia_mp4;valence;-0.552
54.679678;491;giulia_mp4;valence;-0.552
54.719616;491;giulia_mp4;valence;-0.552
54.759155;491;giulia_mp4;valence;-0.552
54.799351;491;giulia_mp4;valence;-0.552
54.839031;491;giulia_mp4;valence;-0.552
54.879177;491;giulia_mp4;valence;-0.552
54.918741;491;giulia_mp4;valence;-0.552
54.959254;491;giulia_mp4;valence;-0.552
54.999128;491;giulia_mp4;valence;-0.552
55.039534;491;giulia_mp4;valence;-0.552
55.079071;491;giulia_mp4;valence;-0.552
55.119056;491;giulia_mp4;valence;-0.552
55.159052;491;giulia_mp4;valence;-0.552
55.199617;491;giulia_mp4;valence;-0.552
55.239151;491;giulia_mp4;valence;-0.552
55.279104;491;giulia_mp4;valence;-0.552
55.318791;491;giulia_mp4;valence;-0.552
55.359404;491;giulia_mp4;valence;-0.552
55.399159;491;giulia_mp4;valence;-0.552
55.439255;491;giulia_mp4;valence;-0.552
55.479482;491;giulia_mp4;valence;-0.552
55.5192;491;giulia_mp4;valence;-0.552
55.559581;491;giulia_mp4;valence;-0.552
55.599352;491;giulia_mp4;valence;-0.552
55.63929;491;giulia_mp4;valence;-0.552
55.67969;491;giulia_mp4;valence;-0.552
55.719101;491;giulia_mp4;valence;-0.552
55.759428;491;giulia_mp4;valence;-0.552
55.800177;491;giulia_mp4;valence;-0.552
55.839282;491;giulia_mp4;valence;-0.552
55.878836;491;giulia_mp4;valence;-0.552
55.919074;491;giulia_mp4;valence;-0.552
55.959086;491;giulia_mp4;valence;-0.552
55.999635;491;giulia_mp4;valence;-0.552
56.03933;491;giulia_mp4;valence;-0.552
56.079086;491;giulia_mp4;valence;-0.552
56.119104;491;giulia_mp4;valence;-0.552
56.159691;491;giulia_mp4;valence;-0.552
56.199134;491;giulia_mp4;valence;-0.552
56.239203;491;giulia_mp4;valence;-0.552
56.279022;491;giulia_mp4;valence;-0.552
56.319633;491;giulia_mp4;valence;-0.552
56.359107;491;giulia_mp4;valence;-0.552
56.399671;491;giulia_mp4;valence;-0.552
56.439332;491;giulia_mp4;valence;-0.552
56.479332;491;giulia_mp4;valence;-0.552
56.519636;491;giulia_mp4;valence;-0.552
56.558751;491;giulia_mp4;valence;-0.552
56.5996;491;giulia_mp4;valence;-0.552
56.639922;491;giulia_mp4;valence;-0.552
56.679402;491;giulia_mp4;valence;-0.552
56.718803;491;giulia_mp4;valence;-0.552
56.759628;491;giulia_mp4;valence;-0.552
56.799622;491;giulia_mp4;valence;-0.552
56.839226;491;giulia_mp4;valence;-0.552
56.879662;491;giulia_mp4;valence;-0.552
56.918869;491;giulia_mp4;valence;-0.552
56.95887;491;giulia_mp4;valence;-0.552
56.999689;491;giulia_mp4;valence;-0.552
57.039391;491;giulia_mp4;valence;-0.552
57.07936;491;giulia_mp4;valence;-0.552
57.119105;491;giulia_mp4;valence;-0.552
57.159436;491;giulia_mp4;valence;-0.552
57.199191;491;giulia_mp4;valence;-0.552
57.239762;491;giulia_mp4;valence;-0.552
57.279247;491;giulia_mp4;valence;-0.552
57.319303;491;giulia_mp4;valence;-0.552
57.359258;491;giulia_mp4;valence;-0.552
57.399087;491;giulia_mp4;valence;-0.552
57.439166;491;giulia_mp4;valence;-0.552
57.4793;491;giulia_mp4;valence;-0.552
57.519285;491;giulia_mp4;valence;-0.552
57.559199;491;giulia_mp4;valence;-0.552
57.600035;491;giulia_mp4;valence;-0.552
57.639245;491;giulia_mp4;valence;-0.552
57.679666;491;giulia_mp4;valence;-0.552
57.718711;491;giulia_mp4;valence;-0.552
57.759274;491;giulia_mp4;valence;-0.552
57.799312;491;giulia_mp4;valence;-0.552
57.839882;491;giulia_mp4;valence;-0.552
57.878865;491;giulia_mp4;valence;-0.552
57.919279;491;giulia_mp4;valence;-0.552
57.959316;491;giulia_mp4;valence;-0.552
57.999353;491;giulia_mp4;valence;-0.552
58.039423;491;giulia_mp4;valence;-0.552
58.079343;491;giulia_mp4;valence;-0.552
58.119278;491;giulia_mp4;valence;-0.552
58.15918;491;giulia_mp4;valence;-0.552
58.199696;491;giulia_mp4;valence;-0.552
58.23901;491;giulia_mp4;valence;-0.552
58.279637;491;giulia_mp4;valence;-0.552
58.318986;491;giulia_mp4;valence;-0.552
58.358979;491;giulia_mp4;valence;-0.552
58.39927;491;giulia_mp4;valence;-0.552
58.439372;491;giulia_mp4;valence;-0.552
58.479073;491;giulia_mp4;valence;-0.552
58.518729;491;giulia_mp4;valence;-0.552
58.559291;491;giulia_mp4;valence;-0.552
58.598899;491;giulia_mp4;valence;-0.552
58.639579;491;giulia_mp4;valence;-0.552
58.679189;491;giulia_mp4;valence;-0.552
58.718968;491;giulia_mp4;valence;-0.552
58.759083;491;giulia_mp4;valence;-0.552
58.799287;491;giulia_mp4;valence;-0.552
58.839133;491;giulia_mp4;valence;-0.552
58.879091;491;giulia_mp4;valence;-0.552
58.918963;491;giulia_mp4;valence;-0.552
58.959149;491;giulia_mp4;valence;-0.552
58.999121;491;giulia_mp4;valence;-0.552
59.039112;491;giulia_mp4;valence;-0.552
59.079619;491;giulia_mp4;valence;-0.552
59.119094;491;giulia_mp4;valence;-0.552
59.159475;491;giulia_mp4;valence;-0.552
59.198752;491;giulia_mp4;valence;-0.552
59.239676;491;giulia_mp4;valence;-0.552
59.279061;491;giulia_mp4;valence;-0.552
59.319531;491;giulia_mp4;valence;-0.552
59.359546;491;giulia_mp4;valence;-0.552
59.39964;491;giulia_mp4;valence;-0.552
59.439225;491;giulia_mp4;valence;-0.552
59.479376;491;giulia_mp4;valence;-0.552
59.519118;491;giulia_mp4;valence;-0.552
59.559308;491;giulia_mp4;valence;-0.552
59.599446;491;giulia_mp4;valence;-0.552
59.639501;491;giulia_mp4;valence;-0.552
59.679668;491;giulia_mp4;valence;-0.552
59.719056;491;giulia_mp4;valence;-0.552
59.759139;491;giulia_mp4;valence;-0.552
59.799589;491;giulia_mp4;valence;-0.552
59.838852;491;giulia_mp4;valence;-0.552
59.879405;491;giulia_mp4;valence;-0.552
59.919019;491;giulia_mp4;valence;-0.552
59.959082;491;giulia_mp4;valence;-0.552
59.999698;491;giulia_mp4;valence;-0.552
60.039176;491;giulia_mp4;valence;-0.552
60.079203;491;giulia_mp4;valence;-0.552
60.119385;491;giulia_mp4;valence;-0.552
60.159064;491;giulia_mp4;valence;-0.552
60.199075;491;giulia_mp4;valence;-0.552
